지하철역ID,환승전호선ID,환승전호선,환승전열차방면,환승역,환승후호선ID,환승후호선,환승후열차방면,차량번호,출입문위치
1006000645,1006,6,응암,태릉입구,1007,7,공릉,8,4
1003000350,1003,3,오금,가락시장,1008,8,송파,2,1
1003000350,1003,3,오금,가락시장,1008,8,문정,2,1
1003000350,1003,3,대화,가락시장,1008,8,송파,9,4
1003000350,1003,3,대화,가락시장,1008,8,문정,9,4
1003000352,1003,3,오금,오금,1005,5,방이,9,4
1003000352,1003,3,오금,오금,1005,5,개롱,9,4
1004000411,1004,4,당고개,노원,1007,7,마들,10,0
1004000411,1004,4,당고개,노원,1007,7,중계,10,0
1004000411,1004,4,오이도,노원,1007,7,마들,1,0
1004000411,1004,4,오이도,노원,1007,7,중계,1,0
1004000411,1004,4,당고개,노원,1007,7,마들,10,4
1004000411,1004,4,당고개,노원,1007,7,중계,10,4
1004000411,1004,4,오이도,노원,1007,7,마들,1,1
1004000411,1004,4,오이도,노원,1007,7,중계,1,1
1004000412,1004,4,당고개,창동,1001,1,방학,3,4
1004000412,1004,4,당고개,창동,1001,1,녹천,3,4
1004000412,1004,4,오이도,창동,1001,1,방학,8,1
1004000412,1004,4,오이도,창동,1001,1,녹천,8,1
1004000421,1004,4,오이도,동대문,1001,1,동묘앞,6,1
1004000421,1004,4,오이도,동대문,1001,1,종로5가,6,1
1004000421,1004,4,당고개,동대문,1001,1,동묘앞,5,3
1004000421,1004,4,당고개,동대문,1001,1,종로5가,5,3
1004000422,1004,4,오이도,동대문역사문화공원,1005,5,을지로4가,2,3
1004000422,1004,4,오이도,동대문역사문화공원,1005,5,청구,2,3
1004000422,1004,4,당고개,동대문역사문화공원,1002,2,신당,1,1
1004000422,1004,4,당고개,동대문역사문화공원,1002,2,외선(을지로입구),1,1
1004000422,1004,4,당고개,동대문역사문화공원,1005,5,을지로4가,9,1
1004000422,1004,4,당고개,동대문역사문화공원,1005,5,청구,9,1
1004000422,1004,4,오이도,동대문역사문화공원,1002,2,신당,10,4
1004000422,1004,4,오이도,동대문역사문화공원,1002,2,외선(을지로입구),10,4
1004000423,1004,4,오이도,충무로,1003,3,을지로3가,7,1
1004000423,1004,4,오이도,충무로,1003,3,동대입구,7,1
1004000423,1004,4,당고개,충무로,1003,3,을지로3가,5,1
1004000423,1004,4,당고개,충무로,1003,3,동대입구,5,1
1004000426,1004,4,당고개,서울역,1001,1,시청,1,1
1004000426,1004,4,당고개,서울역,1001,1,남영,1,1
1004000426,1004,4,오이도,서울역,1001,1,시청,10,4
1004000426,1004,4,오이도,서울역,1001,1,남영,10,4
1004000428,1004,4,오이도,삼각지,1006,6,효창공원 앞,10,4
1004000428,1004,4,오이도,삼각지,1006,6,녹사평,10,4
1004000428,1004,4,당고개,삼각지,1006,6,효창공원 앞,1,1
1004000428,1004,4,당고개,삼각지,1006,6,녹사평,1,1
1004000431,1004,4,당고개,동작,1009,9,흑석,8,4
1004000431,1004,4,당고개,동작,1009,9,구반포,8,4
1004000431,1004,4,오이도,동작,1009,9,흑석,2,4
1004000431,1004,4,오이도,동작,1009,9,구반포,2,4
1004000432,1004,4,당고개,총신대입구,1007,7,내방,10,4
1004000432,1004,4,당고개,총신대입구,1007,7,남성,10,4
1004000432,1004,4,오이도,총신대입구,1007,7,내방,1,1
1004000432,1004,4,오이도,총신대입구,1007,7,남성,1,1
1004000433,1004,4,오이도,사당,1002,2,외선(방배),1,1
1004000433,1004,4,당고개,사당,1002,2,내선(낙성대),4,2
1004000433,1004,4,당고개,사당,1002,2,외선(방배),10,4
1004000433,1004,4,오이도,사당,1002,2,내선(낙성대),7,3
1005000512,1005,5,방화,김포공항,1009,9,공항시장,7,2
1005000512,1005,5,방화,김포공항,1009,9,개화,7,2
1005000512,1005,5,강동,김포공항,1009,9,공항시장,2,1
1005000512,1005,5,강동,김포공항,1009,9,개화,2,1
1005000518,1005,5,방화,까치산,1002,2,내선(신정네거리),1,1
1005000518,1005,5,방화,까치산,1002,2,신정네거리,1,1
1005000518,1005,5,강동,까치산,1002,2,신정네거리,7,4
1005000518,1005,5,강동,까치산,1002,2,신정네거리,7,4
1005000523,1005,5,강동,영등포구청,1002,2,내선(당산),2,3
1005000523,1005,5,강동,영등포구청,1002,2,외선(문래),2,3
1005000523,1005,5,방화,영등포구청,1002,2,내선(당산),7,2
1005000523,1005,5,방화,영등포구청,1002,2,외선(문래),7,2
1005000525,1005,5,방화,신길,1001,1,대방,7,3
1005000525,1005,5,방화,신길,1001,1,영등포,7,3
1005000525,1005,5,강동,신길,1001,1,대방,2,1
1005000525,1005,5,강동,신길,1001,1,영등포,2,1
1005000526,1005,5,강동,여의도,1009,9,국회의사당,4,1
1005000526,1005,5,강동,여의도,1009,9,샛강,4,1
1005000526,1005,5,방화,여의도,1009,9,국회의사당,5,4
1005000526,1005,5,방화,여의도,1009,9,샛강,5,4
1005000529,1005,5,방화,공덕,1006,6,대흥,1,1
1005000529,1005,5,방화,공덕,1006,6,효창공원 앞,1,1
1005000529,1005,5,강동,공덕,1006,6,대흥,8,4
1005000529,1005,5,강동,공덕,1006,6,효창공원 앞,8,4
1005000531,1005,5,방화,충정로,1002,2,시청,4,1
1005000531,1005,5,방화,충정로,1002,2,외선(아현),4,1
1005000531,1005,5,강동,충정로,1002,2,시청,5,3
1005000531,1005,5,강동,충정로,1002,2,외선(아현),5,3
1002000212,1002,2,외선(성수),건대입구,1007,7,어린이대공원,8,3
1002000212,1002,2,외선(성수),건대입구,1007,7,뚝섬유원지,8,3
1002000212,1002,2,외선(성수),건대입구,1007,7,뚝섬유원지,3,2
1002000216,1002,2,내선(선릉),잠실,1008,8,몽촌토성,10,4
1002000216,1002,2,내선(선릉),잠실,1008,8,석촌,10,4
1002000216,1002,2,외선(건대입구),잠실,1008,8,몽촌토성,1,1
1002000216,1002,2,외선(건대입구),잠실,1008,8,석촌,1,1
1002000223,1002,2,내선(사당),교대,1003,3,고속터미널,1,1
1002000223,1002,2,내선(사당),교대,1003,3,남부터미널,1,1
1002000223,1002,2,외선(강남),교대,1003,3,고속터미널,10,4
1002000223,1002,2,외선(강남),교대,1003,3,남부터미널,10,4
1002000226,1002,2,내선(대림),사당,1004,4,총신대입구,6,1
1002000226,1002,2,내선(대림),사당,1004,4,남태령,6,1
1002000226,1002,2,외선(교대),사당,1004,4,총신대입구,5,3
1002000226,1002,2,외선(교대),사당,1004,4,남태령,5,3
1002000233,1002,2,내선(신도림),대림,1007,7,신풍,7,4
1002000233,1002,2,내선(신도림),대림,1007,7,남구로,7,4
1002000233,1002,2,외선(사당),대림,1007,7,신풍,4,1
1002000233,1002,2,외선(사당),대림,1007,7,남구로,4,1
1002000234,1002,2,외선(신도림),신도림,1001,1,영등포,4,1
1002000234,1002,2,외선(신도림),신도림,1001,1,구로,4,1
1002000234,1002,2,외선(신도림),신도림,1002,2,내선(문래),4,1
1002000234,1002,2,외선(신도림),신도림,1002,2,대림,4,1
1002000234,1002,2,내선(영등포구청),신도림,1001,1,영등포,2,3
1002000234,1002,2,내선(영등포구청),신도림,1002,2,구로,2,3
1002000234,1002,2,내선(영등포구청),신도림,1002,2,내선(도림천),6,2
1002000234,1002,2,외선(대림),신도림,1002,2,외선(도림천),5,3
1002000234,1002,2,외선(대림),신도림,1001,1,영등포,7,3
1002000234,1002,2,외선(대림),신도림,1001,1,구로,7,3
1002000236,1002,2,내선(당산),영등포구청,1005,5,양평,7,4
1002000236,1002,2,내선(당산),영등포구청,1005,5,영등포시장,7,4
1002000236,1002,2,외선(신도림),영등포구청,1005,5,양평,2,3
1002000236,1002,2,외선(신도림),영등포구청,1005,5,영등포시장,2,3
1002000237,1002,2,내선(합정),당산,1009,9,국회의사당,3,4
1002000237,1002,2,내선(합정),당산,1009,9,선유도,3,4
1002000237,1002,2,외선(영등포구청),당산,1009,9,국회의사당,7,1
1002000237,1002,2,외선(영등포구청),당산,1009,9,선유도,7,1
1002000238,1002,2,내선(홍대입구),합정,1006,6,망원,9,2
1002000238,1002,2,내선(홍대입구),합정,1006,6,상수,9,2
1002000238,1002,2,외선(당산),합정,1006,6,망원,2,2
1002000238,1002,2,외선(당산),합정,1006,6,상수,2,2
1002000243,1002,2,내선(시청),충정로,1005,5,애오개,7,3
1002000243,1002,2,내선(시청),충정로,1005,5,서대문,7,3
1002000243,1002,2,외선(홍대입구),충정로,1005,5,애오개,4,2
1002000243,1002,2,외선(홍대입구),충정로,1005,5,서대문,4,2
1002002114,1002,2,외선(성수),시청,1001,1,제기동,1,1
1002002114,1002,2,외선(성수),시청,1001,1,동묘앞,1,1
1002002114,1002,2,외선(성수),시청,1001,1,제기동,1,1
1002002114,1002,2,외선(성수),시청,1001,1,동묘앞,1,1
1002002344,1002,2,내선(까치산),까치산,1005,5,화곡,1,1
1002002344,1002,2,내선(까치산),까치산,1005,5,신정,1,1
1003000321,1003,3,수서,약수,1006,6,구산,6,3
1003000321,1003,3,수서,약수,1006,6,독바위,6,3
1003000321,1003,3,대화,약수,1006,6,구산,5,1
1003000321,1003,3,대화,약수,1006,6,독바위,5,1
1003000322,1003,3,수서,약수,1006,6,독바위,10,4
1003000322,1003,3,수서,약수,1006,6,역촌,10,4
1003000322,1003,3,대화,약수,1006,6,독바위,1,1
1003000322,1003,3,대화,약수,1006,6,역촌,1,1
1003000329,1003,3,수서,종로3가,1005,5,광화문,9,2
1003000329,1003,3,수서,종로3가,1005,5,을지로4가,9,2
1003000329,1003,3,대화,종로3가,1001,1,종로5가,9,1
1003000329,1003,3,대화,종로3가,1001,1,종각,10,4
1003000329,1003,3,대화,종로3가,1005,5,광화문,2,3
1003000329,1003,3,대화,종로3가,1005,5,을지로4가,2,3
1003000329,1003,3,수서,종로3가,1001,1,종로5가,2,3
1003000329,1003,3,수서,종로3가,1001,1,종각,1,1
1003000330,1003,3,수서,을지로3가,1002,2,내선(을지로4가),4,4
1003000330,1003,3,대화,을지로3가,1002,2,내선(을지로4가),7,1
1003000330,1003,3,대화,을지로3가,1002,2,외선(을지로입구),4,2
1003000330,1003,3,수서,을지로3가,1002,2,외선(을지로입구),7,2
1003000331,1003,3,수서,충무로,1004,4,동대문역사문화공원,8,1
1003000331,1003,3,수서,충무로,1004,4,명동,8,4
1003000331,1003,3,대화,충무로,1004,4,동대문역사문화공원,4,4
1003000331,1003,3,대화,충무로,1004,4,명동,3,3
1003000333,1003,3,대화,약수,1006,6,버티고개,4,3
1003000333,1003,3,대화,약수,1006,6,청구,4,3
1003000333,1003,3,수서,약수,1006,6,버티고개,7,1
1003000333,1003,3,수서,약수,1006,6,청구,7,1
1003000339,1003,3,수서,고속터미널,1007,7,반포,2,3
1003000339,1003,3,수서,고속터미널,1007,7,내방,2,3
1003000339,1003,3,대화,고속터미널,1007,7,반포,9,2
1003000339,1003,3,대화,고속터미널,1007,7,내방,9,2
1003000339,1003,3,대화,고속터미널,1009,9,사평,2,3
1003000339,1003,3,대화,고속터미널,1009,9,신반포,2,3
1003000339,1003,3,수서,고속터미널,1009,9,사평,9,2
1003000339,1003,3,수서,고속터미널,1009,9,신반포,9,2
1003000340,1003,3,대화,교대,1002,2,강남,9,3
1003000340,1003,3,수서,교대,1002,2,내선(서초),8,4
1003000340,1003,3,수서,교대,1002,2,강남,2,1
1003000340,1003,3,대화,교대,1002,2,내선(서초),3,2
1005000534,1005,5,강동,종로3가,1001,1,종로5가,1,1
1005000534,1005,5,강동,종로3가,1001,1,종각,1,1
1005000534,1005,5,강동,종로3가,1003,3,안국,1,1
1005000534,1005,5,강동,종로3가,1003,3,을지로3가,1,1
1005000534,1005,5,방화,종로3가,1001,1,종로5가,8,4
1005000534,1005,5,방화,종로3가,1001,1,종각,8,4
1005000534,1005,5,방화,종로3가,1003,3,안국,8,4
1005000534,1005,5,방화,종로3가,1003,3,을지로3가,8,4
1005000535,1005,5,방화,을지로4가,1002,2,내선(동대문역사문화공원),8,1
1005000535,1005,5,방화,을지로4가,1002,2,을지로3가,8,4
1005000535,1005,5,강동,을지로4가,1002,2,내선(동대문역사문화공원),1,1
1005000535,1005,5,강동,을지로4가,1002,2,을지로3가,1,4
1005000536,1005,5,강동,동대문역사문화공원,1002,2,신당,1,1
1005000536,1005,5,강동,동대문역사문화공원,1002,2,외선(을지로4가),1,1
1005000536,1005,5,방화,동대문역사문화공원,1002,2,신당,8,4
1005000536,1005,5,방화,동대문역사문화공원,1002,2,외선(을지로4가),8,4
1005000536,1005,5,강동,동대문역사문화공원,1004,4,동대문,1,1
1005000536,1005,5,강동,동대문역사문화공원,1004,4,충무로,1,1
1005000536,1005,5,방화,동대문역사문화공원,1004,4,동대문,8,4
1005000536,1005,5,방화,동대문역사문화공원,1004,4,충무로,8,4
1005000537,1005,5,방화,청구,1006,6,약수,5,1
1005000537,1005,5,방화,청구,1006,6,신당,5,1
1005000537,1005,5,강동,청구,1006,6,약수,6,4
1005000537,1005,5,강동,청구,1006,6,신당,6,4
1005000540,1005,5,방화,왕십리,1002,2,내선(한양대),2,3
1005000540,1005,5,방화,왕십리,1002,2,외선(상왕십리),2,3
1005000540,1005,5,강동,왕십리,1002,2,내선(한양대),7,2
1005000540,1005,5,강동,왕십리,1002,2,외선(상왕십리),7,2
1005000544,1005,5,방화,군자,1007,7,어린이대공원,1,1
1005000544,1005,5,강동,군자,1007,7,중곡,1,1
1005000544,1005,5,방화,군자,1007,7,중곡,8,4
1005000544,1005,5,강동,군자,1007,7,어린이대공원,8,4
1005000547,1005,5,상일동,천호,1008,8,강동구청,8,2
1005000547,1005,5,마천,천호,1008,8,암사,8,1
1005000547,1005,5,방화,천호,1008,8,강동구청,1,2
1005000547,1005,5,방화,천호,1008,8,암사,1,3
1005000548,1005,5,강동,강동,1005,5,길동,8,4
1005000548,1005,5,강동,강동,1005,5,둔촌동,1,1
1005080552,1005,5,마천,오금,1003,3,경찰병원,1,3
1005080552,1005,5,방화,오금,1003,3,경찰병원,8,2
1006000612,1006,6,봉화산,불광,1003,3,녹번,7,2
1006000612,1006,6,봉화산,연신내,1003,3,연신내,7,2
1006000614,1006,6,디지털미디어시티,불광,1003,3,불광,6,2
1006000614,1006,6,불광,불광,1003,3,불광,6,2
1006000614,1006,6,디지털미디어시티,연신내,1003,3,구파발,6,2
1006000614,1006,6,불광,연신내,1003,3,구파발,6,2
1006000622,1006,6,봉화산,합정,1002,2,홍대입구,6,2
1006000622,1006,6,봉화산,합정,1002,2,외선(당산),6,2
1006000622,1006,6,응암,합정,1002,2,홍대입구,5,3
1006000622,1006,6,응암,합정,1002,2,외선(당산),5,3
1006000626,1006,6,응암,공덕,1005,5,마포,1,1
1006000626,1006,6,응암,공덕,1005,5,애오개,1,1
1006000626,1006,6,봉화산,공덕,1005,5,마포,8,4
1006000626,1006,6,봉화산,공덕,1005,5,애오개,8,4
1006000628,1006,6,응암,삼각지,1004,4,숙대입구,6,4
1006000628,1006,6,봉화산,삼각지,1004,4,신용산,6,4
1006000628,1006,6,응암,삼각지,1004,4,신용산,3,1
1006000628,1006,6,봉화산,삼각지,1004,4,숙대입구,3,1
1006000633,1006,6,봉화산,약수,1003,3,동대입구,1,1
1006000633,1006,6,봉화산,약수,1003,3,금호,1,1
1006000633,1006,6,응암,약수,1003,3,동대입구,8,4
1006000633,1006,6,응암,약수,1003,3,금호,8,4
1006000634,1006,6,응암,청구,1005,5,동대문역사문화공원,6,1
1006000634,1006,6,응암,청구,1005,5,신금호,6,1
1006000634,1006,6,봉화산,청구,1005,5,동대문역사문화공원,6,2
1006000634,1006,6,봉화산,청구,1005,5,신금호,6,2
1006000635,1006,6,봉화산,신당,1002,2,내선(상왕십리),8,4
1006000635,1006,6,응암,신당,1002,2,동대문역사문화공원,1,1
1006000636,1006,6,봉화산,동묘앞,1001,1,신설동,2,2
1006000636,1006,6,봉화산,동묘앞,1001,1,동대문,2,2
1006000636,1006,6,응암,동묘앞,1001,1,신설동,7,3
1006000636,1006,6,응암,동묘앞,1001,1,동대문,7,3
1006000644,1006,6,봉화산,석계,1001,1,광운대,5,2
1006000644,1006,6,봉화산,석계,1001,1,신이문,5,2
1006000644,1006,6,응암,석계,1001,1,광운대,4,3
1006000644,1006,6,응암,석계,1001,1,신이문,4,3
1006000645,1006,6,봉화산,태릉입구,1007,7,공릉,1,1
1006000645,1006,6,봉화산,태릉입구,1007,7,먹골,1,1
1006000645,1006,6,응암,태릉입구,1007,7,먹골,8,4
1007000710,1007,7,온수,도봉산,1001,1,망월사,8,4
1007000710,1007,7,온수,도봉산,1001,1,도봉,8,4
1007000710,1007,7,장암,도봉산,1001,1,망월사,1,1
1007000710,1007,7,장암,도봉산,1001,1,도봉,1,1
1007000713,1007,7,장암,노원,1004,4,상계,1,1
1007000713,1007,7,장암,노원,1004,4,창동,1,1
1007000713,1007,7,온수,노원,1004,4,상계,8,4
1007000713,1007,7,온수,노원,1004,4,창동,8,4
1007000717,1007,7,장암,태릉입구,1006,6,석계,8,3
1007000717,1007,7,장암,태릉입구,1006,6,화랑대,8,3
1007000717,1007,7,온수,태릉입구,1006,6,석계,1,1
1007000717,1007,7,온수,태릉입구,1006,6,화랑대,1,1
1007000727,1007,7,온수,건대입구,1002,2,내선(구의),1,1
1007000727,1007,7,온수,건대입구,1002,2,외선(성수),1,1
1007000727,1007,7,장암,건대입구,1002,2,내선(구의),8,4
1007000727,1007,7,장암,건대입구,1002,2,외선(성수),8,4
1007000734,1007,7,온수,고속터미널,1003,3,잠원,7,1
1007000734,1007,7,온수,고속터미널,1003,3,교대,7,1
1007000734,1007,7,장암,고속터미널,1003,3,잠원,2,3
1007000734,1007,7,장암,고속터미널,1003,3,교대,2,3
1007000734,1007,7,장암,고속터미널,1009,9,사평,2,3
1007000734,1007,7,장암,고속터미널,1009,9,신반포,2,3
1007000734,1007,7,온수,고속터미널,1009,9,사평,7,1
1007000734,1007,7,온수,고속터미널,1009,9,신반포,7,1
1007000736,1007,7,장암,총신대입구,1004,4,동작,2,2
1007000736,1007,7,장암,총신대입구,1004,4,사당,2,2
1007000736,1007,7,온수,총신대입구,1004,4,동작,8,4
1007000736,1007,7,온수,총신대입구,1004,4,사당,8,4
1007000744,1007,7,장암,대림,1002,2,신도림,8,4
1007000744,1007,7,장암,대림,1002,2,외선(구로디지털단지),8,4
1007000744,1007,7,온수,대림,1002,2,신도림,1,1
1007000744,1007,7,온수,대림,1002,2,외선(구로디지털단지),1,1
1007000746,1007,7,온수,신도림,1001,1,구로,5,2
1007000746,1007,7,온수,신도림,1001,1,독산,5,2
1007000746,1007,7,장암,신도림,1001,1,구로,4,3
1007000746,1007,7,장암,신도림,1001,1,독산,4,3
1008000811,1008,8,암사,천호,1005,5,광나루,1,3
1008000811,1008,8,암사,천호,1005,5,강동,2,2
1008000811,1008,8,모란,천호,1005,5,광나루,6,1
1008000811,1008,8,모란,천호,1005,5,강동,5,2
1008000814,1008,8,암사,잠실,1002,2,내선(신천),6,4
1008000814,1008,8,암사,잠실,1002,2,외선(잠실나루),6,4
1008000814,1008,8,모란,잠실,1002,2,내선(신천),1,1
1008000814,1008,8,모란,잠실,1002,2,외선(잠실나루),1,1
1008000817,1008,8,모란,가락시장,1003,3,수서,1,1
1008000817,1008,8,모란,가락시장,1003,3,경찰병원,1,1
1008000817,1008,8,암사,가락시장,1003,3,수서,6,4
1008000817,1008,8,암사,가락시장,1003,3,경찰병원,6,4
1009000902,1009,9,개화,석촌,1005,5,개화산,2,4
1009000902,1009,9,개화,석촌,1005,5,송정,2,4
1009000902,1009,9,신논현,석촌,1005,5,개화산,4,4
1009000902,1009,9,신논현,석촌,1005,5,송정,4,4
1009000913,1009,9,신논현,종합운동장,1002,2,내선(합정),4,4
1009000913,1009,9,신논현,종합운동장,1002,2,외선(영등포구청),4,4
1009000913,1009,9,개화,종합운동장,1002,2,내선(합정),1,1
1009000913,1009,9,개화,종합운동장,1002,2,외선(영등포구청),1,1
1009000915,1009,9,신논현,여의도,1005,5,여의나루,3,3
1009000915,1009,9,신논현,여의도,1005,5,신길,3,3
1009000915,1009,9,개화,여의도,1005,5,여의나루,2,4
1009000915,1009,9,개화,여의도,1005,5,신길,2,4
1009000917,1009,9,개화,노량진,1001,1,용산,2,1
1009000917,1009,9,개화,노량진,1001,1,대방,2,1
1009000917,1009,9,신논현,노량진,1001,1,용산,1,3
1009000917,1009,9,신논현,노량진,1001,1,대방,1,3
1009000920,1009,9,신논현,동작,1004,4,이촌,1,1
1009000920,1009,9,신논현,동작,1004,4,총신대입구(이수),1,1
1009000920,1009,9,개화,동작,1004,4,이촌,4,4
1009000920,1009,9,개화,동작,1004,4,총신대입구(이수),4,4
1009000923,1009,9,신논현,고속터미널,1003,3,잠원,1,4
1009000923,1009,9,신논현,고속터미널,1003,3,교대,1,4
1009000923,1009,9,개화,고속터미널,1003,3,잠원,4,1
1009000923,1009,9,개화,고속터미널,1003,3,교대,4,1
1009000923,1009,9,신논현,고속터미널,1007,7,반포,1,4
1009000923,1009,9,신논현,고속터미널,1007,7,내방,1,4
1009000923,1009,9,개화,고속터미널,1007,7,반포,4,1
1009000923,1009,9,개화,고속터미널,1007,7,내방,4,1
1001000113,1001,1,소요산,도봉산,1007,7,장암,2,1
1001000113,1001,1,소요산,도봉산,1007,7,수락산,2,1
1001000113,1001,1,인천,도봉산,1007,7,장암,9,3
1001000113,1001,1,인천,도봉산,1007,7,수락산,9,3
1001000116,1001,1,소요산,창동,1004,4,노원,1,4
1001000116,1001,1,소요산,창동,1004,4,쌍문,1,4
1001000116,1001,1,인천,창동,1004,4,노원,10,3
1001000116,1001,1,소요산,창동,1004,4,쌍문,10,3
1001000120,1001,1,인천,석계,1006,6,돌곶이,1,1
1001000120,1001,1,인천,석계,1006,6,태릉입구,1,1
1001000120,1001,1,소요산,석계,1006,6,돌곶이,10,4
1001000120,1001,1,소요산,석계,1006,6,태릉입구,10,4
1001000126,1001,1,인천,시청,1002,2,내선(용두),2,1
1001000126,1001,1,소요산,시청,1002,2,내선(용두),9,4
1001000127,1001,1,인천,동묘앞,1006,6,신당,2,3
1001000127,1001,1,인천,동묘앞,1006,6,창신,2,3
1001000127,1001,1,소요산,동묘앞,1006,6,신당,7,1
1001000127,1001,1,소요산,동묘앞,1006,6,창신,7,1
1001000128,1001,1,소요산,동대문,1004,4,혜화,9,3
1001000128,1001,1,소요산,동대문,1004,4,동대문역사문화공원,9,3
1001000128,1001,1,인천,동대문,1004,4,혜화,1,3
1001000128,1001,1,인천,동대문,1004,4,동대문역사문화공원,1,3
1001000130,1001,1,소요산,종로3가,1005,5,광화문,6,1
1001000130,1001,1,인천,종로3가,1005,5,을지로4가,6,1
1001000130,1001,1,소요산,종로3가,1005,5,광화문,6,1
1001000130,1001,1,인천,종로3가,1005,5,을지로4가,6,1
1001000132,1001,1,소요산,시청,1002,2,내선(을지로입구),10,4
1001000132,1001,1,소요산,시청,1002,2,외선(충정로),10,4
1001000132,1001,1,인천,시청,1002,2,내선(을지로입구),1,1
1001000132,1001,1,인천,시청,1002,2,외선(충정로),1,1
1001000133,1001,1,인천,서울역,1004,4,회현,1,2
1001000133,1001,1,인천,서울역,1004,4,숙대입구,1,2
1001000133,1001,1,소요산,서울역,1004,4,회현,10,4
1001000133,1001,1,소요산,서울역,1004,4,숙대입구,10,4
1001000136,1001,1,소요산,노량진,1009,9,샛강,1,1
1001000136,1001,1,소요산,노량진,1009,9,노들,1,1
1001000136,1001,1,인천,노량진,1009,9,샛강,10,4
1001000136,1001,1,인천,노량진,1009,9,노들,10,4
1001000138,1001,1,인천,신길,1005,5,영등포시장,2,4
1001000138,1001,1,인천,신길,1005,5,여의도,2,4
1001000138,1001,1,소요산,신길,1005,5,영등포시장,9,1
1001000138,1001,1,소요산,신길,1005,5,여의도,9,1
1001000140,1001,1,인천,신도림,1002,2,내선(도림천),2,3
1001000140,1001,1,인천,신도림,1002,2,외선(도림천),2,3
1001000140,1001,1,소요산,신도림,1002,2,내선(도림천),4,4
1001000140,1001,1,소요산,신도림,1002,2,외선(도림천),4,4
1001000141,1001,1,인천,구로,1001,1,구일,1,1
1001000141,1001,1,신창,구로,1001,1,가산디지털단지,10,4
1001000141,1001,1,신창,구로,1001,1,구일,10,4
1001000141,1001,1,소요산,구로,1001,1,신도림,1,1
1001000145,1001,1,인천,가산디지털단지,1007,7,천왕,1,1
1001000145,1001,1,인천,가산디지털단지,1007,7,까치울,1,1
1001000145,1001,1,장암,가산디지털단지,1007,7,천왕,10,4
1001000145,1001,1,장암,가산디지털단지,1007,7,까치울,10,4
1001080142,1001,1,신창,가산디지털단지,1007,7,남구로,1,2
1001080142,1001,1,신창,가산디지털단지,1007,7,철산,1,2
1001080142,1001,1,소요산,가산디지털단지,1007,7,남구로,10,3
1001080142,1001,1,소요산,가산디지털단지,1007,7,철산,10,3
1002000201,1002,2,내선(을지로3가),시청,1001,1,종각,1,1
1002000201,1002,2,내선(을지로3가),시청,1001,1,서울역,1,1
1002000201,1002,2,외선(충정로),시청,1001,1,종각,10,4
1002000201,1002,2,외선(충정로),시청,1001,1,서울역,10,4
1002000203,1002,2,내선(을지로4가),을지로3가,1003,3,종로3가,1,1
1002000203,1002,2,내선(을지로4가),을지로3가,1003,3,충무로,1,1
1002000203,1002,2,외선(시청),을지로3가,1003,3,종로3가,10,4
1002000203,1002,2,외선(시청),을지로3가,1003,3,충무로,10,4
1002000204,1002,2,내선(을지로4가),을지로4가,1005,5,종로3가,4,3
1002000204,1002,2,내선(을지로4가),을지로4가,1005,5,동대문역사문화공원,4,3
1002000204,1002,2,외선(시청),을지로4가,1005,5,종로3가,7,2
1002000204,1002,2,외선(시청),을지로4가,1005,5,동대문역사문화공원,7,2
1002000205,1002,2,내선(신당),을지로4가,1005,5,을지로4가,6,3
1002000205,1002,2,내선(신당),을지로4가,1005,5,청구,6,3
1002000205,1002,2,내선(신당),동대문역사문화공원,1004,4,동대문,9,1
1002000205,1002,2,내선(신당),동대문역사문화공원,1004,4,충무로,9,1
1002000205,1002,2,외선(을지로4가),동대문역사문화공원,1005,5,을지로4가,5,2
1002000205,1002,2,외선(을지로4가),동대문역사문화공원,1005,5,청구,5,2
1002000205,1002,2,외선(을지로4가),동대문역사문화공원,1004,4,동대문,2,4
1002000205,1002,2,외선(을지로4가),동대문역사문화공원,1004,4,충무로,2,4
1002000206,1002,2,내선(왕십리),신당,1006,6,청구,10,4
1002000206,1002,2,내선(왕십리),신당,1006,6,동묘앞,10,4
1002000206,1002,2,외선(동대문역사문화공원),신당,1006,6,청구,1,1
1002000206,1002,2,외선(동대문역사문화공원),신당,1006,6,동묘앞,1,1
1002000208,1002,2,외선(신당),왕십리,1005,5,행당,6,1
1002000208,1002,2,외선(신당),왕십리,1005,5,마장,6,1
1002000208,1002,2,외선(신당),왕십리,1005,5,행당,5,4
1002000208,1002,2,외선(신당),왕십리,1005,5,마장,5,4
1002000211,1002,2,외선(성수),성수,1002,2,외선(뚝섬),0,0
1002000211,1002,2,외선(성수),성수,1002,2,내선(건대입구),4,4
1002000211,1002,2,내선(건대입구),성수,1002,2,외선(용답),10,4
1002000211,1002,2,외선(왕십리),성수,1002,2,외선(용답),0,0
1002000212,1002,2,내선(잠실),건대입구,1007,7,어린이대공원,3,2
1009000930,1009,9,개화,종합운동장,1002,2,외선(건대입구),3,4
1009000930,1009,9,개화,종합운동장,1002,2,내선(선릉),3,4
1002000218,1002,2,내선(선릉),종합운동장,1009,9,개화,9,1
1002000218,1002,2,외선(건대입구),종합운동장,1009,9,개화,3,1
